INSERT INTO STATION(ID, NAME)
VALUES (1, '서초');
INSERT INTO STATION(ID, NAME)
VALUES (2, '교대');
INSERT INTO STATION(ID, NAME)
VALUES (3, '강남');
INSERT INTO STATION(ID, NAME)
VALUES (4, '역삼');
INSERT INTO STATION(ID, NAME)
VALUES (5, '선릉');
INSERT INTO STATION(ID, NAME)
VALUES (6, '삼성');
INSERT INTO STATION(ID, NAME)
VALUES (7, '종합운동장');

INSERT INTO STATION(ID, NAME)
VALUES (8, '고속터미널');
INSERT INTO STATION(ID, NAME)
VALUES (9, '남부터미널');
INSERT INTO STATION(ID, NAME)
VALUES (10, '양재');

INSERT INTO STATION(ID, NAME)
VALUES (11, '사평');
INSERT INTO STATION(ID, NAME)
VALUES (12, '신논현');
INSERT INTO STATION(ID, NAME)
VALUES (13, '언주');
INSERT INTO STATION(ID, NAME)
VALUES (14, '선정릉');
INSERT INTO STATION(ID, NAME)
VALUES (15, '삼성중앙');
INSERT INTO STATION(ID, NAME)
VALUES (16, '봉은사');

INSERT INTO STATION(ID, NAME)
VALUES (17, '양재시민의숲');

INSERT INTO LINE(ID, NAME, COLOR, START_TIME, END_TIME, INTERVAL_TIME)
VALUES (1, '2호선', 'bg-green-600', '10:00:00', '10:00:00', 1);
INSERT INTO LINE(ID, NAME, COLOR, START_TIME, END_TIME, INTERVAL_TIME)
VALUES (2, '3호선', 'bg-orange-600', '10:00:00', '10:00:00', 1);
INSERT INTO LINE(ID, NAME, COLOR, START_TIME, END_TIME, INTERVAL_TIME)
VALUES (3, '9호선', 'bg-yellow-700', '10:00:00', '10:00:00', 1);
INSERT INTO LINE(ID, NAME, COLOR, START_TIME, END_TIME, INTERVAL_TIME)
VALUES (4, '신분당선', 'bg-red-700', '10:00:00', '10:00:00', 1);


INSERT INTO LINE_STATION(LINE, SEQUENCE, PRE_STATION, STATION, DISTANCE, DURATION)
VALUES (1, 1, null, 1, 2, 1);
INSERT INTO LINE_STATION(LINE, SEQUENCE, PRE_STATION, STATION, DISTANCE, DURATION)
VALUES (1, 2, 1, 2, 2, 1);
INSERT INTO LINE_STATION(LINE, SEQUENCE, PRE_STATION, STATION, DISTANCE, DURATION)
VALUES (1, 3, 2, 3, 3, 1);
INSERT INTO LINE_STATION(LINE, SEQUENCE, PRE_STATION, STATION, DISTANCE, DURATION)
VALUES (1, 4, 3, 4, 3, 1);
INSERT INTO LINE_STATION(LINE, SEQUENCE, PRE_STATION, STATION, DISTANCE, DURATION)
VALUES (1, 5, 4, 5, 3, 1);
INSERT INTO LINE_STATION(LINE, SEQUENCE, PRE_STATION, STATION, DISTANCE, DURATION)
VALUES (1, 6, 5, 6, 3, 1);
INSERT INTO LINE_STATION(LINE, SEQUENCE, PRE_STATION, STATION, DISTANCE, DURATION)
VALUES (1, 7, 6, 7, 4, 1);

INSERT INTO LINE_STATION(LINE, SEQUENCE, PRE_STATION, STATION, DISTANCE, DURATION)
VALUES (2, 1, null, 8, 2, 1);
INSERT INTO LINE_STATION(LINE, SEQUENCE, PRE_STATION, STATION, DISTANCE, DURATION)
VALUES (2, 2, 8, 2, 2, 1);
INSERT INTO LINE_STATION(LINE, SEQUENCE, PRE_STATION, STATION, DISTANCE, DURATION)
VALUES (2, 3, 2, 9, 2, 1);
INSERT INTO LINE_STATION(LINE, SEQUENCE, PRE_STATION, STATION, DISTANCE, DURATION)
VALUES (2, 4, 9, 10, 2, 1);

INSERT INTO LINE_STATION(LINE, SEQUENCE, PRE_STATION, STATION, DISTANCE, DURATION)
VALUES (3, 1, null, 8, 2, 1);
INSERT INTO LINE_STATION(LINE, SEQUENCE, PRE_STATION, STATION, DISTANCE, DURATION)
VALUES (3, 2, 8, 11, 2, 1);
INSERT INTO LINE_STATION(LINE, SEQUENCE, PRE_STATION, STATION, DISTANCE, DURATION)
VALUES (3, 3, 11, 12, 2, 1);
INSERT INTO LINE_STATION(LINE, SEQUENCE, PRE_STATION, STATION, DISTANCE, DURATION)
VALUES (3, 4, 12, 13, 2, 1);
INSERT INTO LINE_STATION(LINE, SEQUENCE, PRE_STATION, STATION, DISTANCE, DURATION)
VALUES (3, 5, 13, 14, 2, 1);
INSERT INTO LINE_STATION(LINE, SEQUENCE, PRE_STATION, STATION, DISTANCE, DURATION)
VALUES (3, 6, 14, 15, 2, 1);
INSERT INTO LINE_STATION(LINE, SEQUENCE, PRE_STATION, STATION, DISTANCE, DURATION)
VALUES (3, 7, 15, 16, 2, 1);
INSERT INTO LINE_STATION(LINE, SEQUENCE, PRE_STATION, STATION, DISTANCE, DURATION)
VALUES (3, 8, 16, 7, 2, 1);

INSERT INTO LINE_STATION(LINE, SEQUENCE, PRE_STATION, STATION, DISTANCE, DURATION)
VALUES (4, 1, null, 3, 2, 1);
INSERT INTO LINE_STATION(LINE, SEQUENCE, PRE_STATION, STATION, DISTANCE, DURATION)
VALUES (4, 2, 3, 10, 2, 1);
INSERT INTO LINE_STATION(LINE, SEQUENCE, PRE_STATION, STATION, DISTANCE, DURATION)
VALUES (4, 3, 10, 17, 2, 1);

